Datetime,Water Level (m)
2025-05-06 18:00:00,0.041332375
2025-05-06 19:00:00,-0.548017
2025-05-06 20:00:00,-1.0529026
2025-05-06 21:00:00,-1.4077532
2025-05-06 22:00:00,-1.4154986
2025-05-06 23:00:00,-0.97340137
2025-05-07 00:00:00,-0.29956803
2025-05-07 01:00:00,0.32144827
2025-05-07 02:00:00,0.83126235
2025-05-07 03:00:00,1.1198934
2025-05-07 04:00:00,1.1935622
2025-05-07 05:00:00,0.97423846
2025-05-07 06:00:00,0.52657026
2025-05-07 07:00:00,-0.07028434
2025-05-07 08:00:00,-0.6334889
2025-05-07 09:00:00,-1.0379859
2025-05-07 10:00:00,-1.2062602
2025-05-07 11:00:00,-0.96980155
2025-05-07 12:00:00,-0.37794405
2025-05-07 13:00:00,0.2427463
2025-05-07 14:00:00,0.802176
2025-05-07 15:00:00,1.1434383
2025-05-07 16:00:00,1.2704624
2025-05-07 17:00:00,1.1210924
2025-05-07 18:00:00,0.6709002
2025-05-07 19:00:00,0.021604551
2025-05-07 20:00:00,-0.6708481
2025-05-07 21:00:00,-1.2698268
2025-05-07 22:00:00,-1.6113434
2025-05-07 23:00:00,-1.5161386
2025-05-08 00:00:00,-0.8685957
2025-05-08 01:00:00,-0.104763985
2025-05-08 02:00:00,0.61010814
2025-05-08 03:00:00,1.071715
2025-05-08 04:00:00,1.3317083
2025-05-08 05:00:00,1.3421687
2025-05-08 06:00:00,1.0399936
2025-05-08 07:00:00,0.49334162
2025-05-08 08:00:00,-0.19851005
2025-05-08 09:00:00,-0.8099236
2025-05-08 10:00:00,-1.3020129
2025-05-08 11:00:00,-1.4331406
2025-05-08 12:00:00,-1.0448089
2025-05-08 13:00:00,-0.25976595
2025-05-08 14:00:00,0.47575143
2025-05-08 15:00:00,1.0167952
2025-05-08 16:00:00,1.3148583
2025-05-08 17:00:00,1.3452704
2025-05-08 18:00:00,1.0764575
2025-05-08 19:00:00,0.509016
2025-05-08 20:00:00,-0.22665411
2025-05-08 21:00:00,-0.93607485
2025-05-08 22:00:00,-1.5135914
2025-05-08 23:00:00,-1.7367783
2025-05-09 00:00:00,-1.4450607
2025-05-09 01:00:00,-0.5642384
2025-05-09 02:00:00,0.2555254
2025-05-09 03:00:00,0.9688716
2025-05-09 04:00:00,1.3737196
2025-05-09 05:00:00,1.5324861
2025-05-09 06:00:00,1.4312176
2025-05-09 07:00:00,0.9702747
2025-05-09 08:00:00,0.33246687
2025-05-09 09:00:00,-0.42211053
2025-05-09 10:00:00,-1.0888442
2025-05-09 11:00:00,-1.5492312
2025-05-09 12:00:00,-1.5561693
2025-05-09 13:00:00,-0.8606671
2025-05-09 14:00:00,0.01256204
2025-05-09 15:00:00,0.7636846
2025-05-09 16:00:00,1.2357699
2025-05-09 17:00:00,1.4394964
2025-05-09 18:00:00,1.3559723
2025-05-09 19:00:00,0.9417475
2025-05-09 20:00:00,0.2837656
2025-05-09 21:00:00,-0.48948917
2025-05-09 22:00:00,-1.2435069
2025-05-09 23:00:00,-1.7422025
2025-05-10 00:00:00,-1.7945968
2025-05-10 01:00:00,-1.1264012
2025-05-10 02:00:00,-0.15088229
2025-05-10 03:00:00,0.7023024
2025-05-10 04:00:00,1.3312238
2025-05-10 05:00:00,1.6434503
2025-05-10 06:00:00,1.6692903
2025-05-10 07:00:00,1.3519101
2025-05-10 08:00:00,0.75006926
2025-05-10 09:00:00,-0.03198734
2025-05-10 10:00:00,-0.8400242
2025-05-10 11:00:00,-1.4214638
2025-05-10 12:00:00,-1.7331395
2025-05-10 13:00:00,-1.3739387
2025-05-10 14:00:00,-0.41017184
2025-05-10 15:00:00,0.40978512
2025-05-10 16:00:00,1.1222461
2025-05-10 17:00:00,1.4675436
2025-05-10 18:00:00,1.5442264
2025-05-10 19:00:00,1.2746118
2025-05-10 20:00:00,0.6754986
2025-05-10 21:00:00,-0.09711426
2025-05-10 22:00:00,-0.8841235
2025-05-10 23:00:00,-1.5779252
2025-05-11 00:00:00,-1.8986249
2025-05-11 01:00:00,-1.5852022
2025-05-11 02:00:00,-0.5402818
2025-05-11 03:00:00,0.3838508
2025-05-11 04:00:00,1.2396483
2025-05-11 05:00:00,1.7130663
2025-05-11 06:00:00,1.8925328
2025-05-11 07:00:00,1.7415218
2025-05-11 08:00:00,1.2048148
2025-05-11 09:00:00,0.45078254
2025-05-11 10:00:00,-0.39732167
2025-05-11 11:00:00,-1.1868484
2025-05-11 12:00:00,-1.7191194
2025-05-11 13:00:00,-1.7519574
2025-05-11 14:00:00,-1.0125663
2025-05-11 15:00:00,-0.018664908
2025-05-11 16:00:00,0.8223476
2025-05-11 17:00:00,1.3714398
2025-05-11 18:00:00,1.5736449
2025-05-11 19:00:00,1.4702114
2025-05-11 20:00:00,1.0086584
2025-05-11 21:00:00,0.32711816
2025-05-11 22:00:00,-0.5096012
2025-05-11 23:00:00,-1.3024633
2025-05-12 00:00:00,-1.8076135
2025-05-12 01:00:00,-1.8945663
2025-05-12 02:00:00,-1.0821925
2025-05-12 03:00:00,-0.0028115157
2025-05-12 04:00:00,0.97589463
2025-05-12 05:00:00,1.6487831
2025-05-12 06:00:00,1.9661953
2025-05-12 07:00:00,1.9587556
2025-05-12 08:00:00,1.5724242
2025-05-12 09:00:00,0.8983861
2025-05-12 10:00:00,0.04372592
2025-05-12 11:00:00,-0.79168856
2025-05-12 12:00:00,-1.5257639
2025-05-12 13:00:00,-1.8549644
2025-05-12 14:00:00,-1.5422536
2025-05-12 15:00:00,-0.5009074
2025-05-12 16:00:00,0.36995095
2025-05-12 17:00:00,1.1277711
2025-05-12 18:00:00,1.4988365
